{
    "$schema": "https://schema.management.azure.com/schemas/2015-01-01/deploymentParameters.json#",
    "contentVersion": "1.0.0.0",
    "parameters": {
        "name": {
            "value": "adfWalmartSales"
        },
        "version": {
            "value": "V2"
        },
        "location": {
            "value": "westus"
        },
        "apiVersion": {
            "value": "2018-06-01"
        },
        "tagsByResource": {
            "value": {}
        },
        "vNetEnabled": {
            "value": false
        },
        "publicNetworkAccess": {
            "value": true
        },
        "gitConfigureLater": {
            "value": true
        },
        "gitRepoType": {
            "value": "FactoryVSTSConfiguration"
        },
        "gitAccountName": {
            "value": ""
        },
        "gitProjectName": {
            "value": ""
        },
        "gitRepositoryName": {
            "value": ""
        },
        "gitCollaborationBranch": {
            "value": "master"
        },
        "gitRootFolder": {
            "value": "/"
        },
        "userAssignedIdentities": {
            "value": {
                "type": "SystemAssigned"
            }
        },
        "userAssignedIdentitiesStr": {
            "value": "{\"type\": \"SystemAssigned,UserAssigned\", \"userAssignedIdentities\": {\"\": {}}}"
        },
        "vaultBaseUrl": {
            "value": ""
        },
        "keyName": {
            "value": ""
        },
        "keyVersion": {
            "value": ""
        },
        "enableCMK": {
            "value": false
        },
        "cmkIdentity": {
            "value": ""
        }
    }
}