{
    "$schema": "https://schema.management.azure.com/schemas/2015-01-01/deploymentParameters.json#",
    "contentVersion": "1.0.0.0",
    "parameters": {
        "administratorLogin": {
            "value": "adminusr"
        },
        "administratorLoginPassword": {
            "value": null
        },
        "collation": {
            "value": "SQL_Latin1_General_CP1_CI_AS"
        },
        "databaseName": {
            "value": "walmartsales"
        },
        "tier": {
            "value": "GeneralPurpose"
        },
        "skuName": {
            "value": "GP_Gen5_2"
        },
        "location": {
            "value": "westus2"
        },
        "maxSizeBytes": {
            "value": 34359738368
        },
        "serverName": {
            "value": "walmartsales"
        },
        "sampleName": {
            "value": ""
        },
        "zoneRedundant": {
            "value": false
        },
        "licenseType": {
            "value": "LicenseIncluded"
        },
        "readScaleOut": {
            "value": "Disabled"
        },
        "numberOfReplicas": {
            "value": 0
        },
        "minCapacity": {
            "value": ""
        },
        "autoPauseDelay": {
            "value": ""
        },
        "enableADS": {
            "value": true
        },
        "allowAzureIps": {
            "value": false
        },
        "databaseTags": {
            "value": {}
        },
        "serverTags": {
            "value": {}
        },
        "enableVA": {
            "value": true
        },
        "useVAManagedIdentity": {
            "value": false
        },
        "enablePrivateEndpoint": {
            "value": false
        },
        "privateEndpointNestedTemplateId": {
            "value": "pe-4399933d-6360-4bd6-8e0d-b649c98de00e"
        },
        "privateEndpointSubscriptionId": {
            "value": ""
        },
        "privateEndpointResourceGroup": {
            "value": ""
        },
        "privateEndpointName": {
            "value": ""
        },
        "privateEndpointLocation": {
            "value": ""
        },
        "privateEndpointSubnetId": {
            "value": ""
        },
        "privateLinkServiceName": {
            "value": ""
        },
        "privateLinkServiceServiceId": {
            "value": ""
        },
        "privateEndpointVnetSubscriptionId": {
            "value": ""
        },
        "privateEndpointVnetResourceGroup": {
            "value": ""
        },
        "privateEndpointVnetName": {
            "value": ""
        },
        "privateEndpointSubnetName": {
            "value": ""
        },
        "enablePrivateDnsZone": {
            "value": true
        },
        "privateLinkPrivateDnsZoneFQDN": {
            "value": "privatelink.database.windows.net"
        },
        "privateEndpointDnsRecordUniqueId": {
            "value": "4399933d-6360-4bd6-8e0d-b649c98de011"
        },
        "privateEndpointTemplateLink": {
            "value": "https://sqlazureextension.hosting.portal.azure.net/sqlazureextension/Content/2.1.01580141/DeploymentTemplates/PrivateEndpoint.json"
        },
        "privateDnsForPrivateEndpointTemplateLink": {
            "value": "https://sqlazureextension.hosting.portal.azure.net/sqlazureextension/Content/2.1.01580141/DeploymentTemplates/PrivateDnsForPrivateEndpoint.json"
        },
        "privateDnsForPrivateEndpointNicTemplateLink": {
            "value": "https://sqlazureextension.hosting.portal.azure.net/sqlazureextension/Content/2.1.01580141/DeploymentTemplates/PrivateDnsForPrivateEndpointNic.json"
        },
        "privateDnsForPrivateEndpointIpConfigTemplateLink": {
            "value": "https://sqlazureextension.hosting.portal.azure.net/sqlazureextension/Content/2.1.01580141/DeploymentTemplates/PrivateDnsForPrivateEndpointIpConfig.json"
        },
        "allowClientIp": {
            "value": false
        },
        "clientIpRuleName": {
            "value": "ClientIp-2021-5-12_17-7-36"
        },
        "clientIpValue": {
            "value": "98.42.184.41"
        },
        "storageAccountType": {
            "value": ""
        },
        "maintenanceConfigurationId": {
            "value": "/subscriptions/24aaab32-92db-4678-896e-d6adda3ea0d2/providers/Microsoft.Maintenance/publicMaintenanceConfigurations/SQL_Default"
        }
    }
}